"filename", "language", "YAML", "Markdown", "JSON", "XML", "Python", "HTML", "Shell Script", "LaTeX", "CSS", "CSV", "JavaScript", "comment", "blank", "total"
"/home/tb/repos/magisim/CITATION.cff", "YAML", 54, 0, 0, 0, 0, 0, 0, 0, 0, 0, 0, 0, 4, 58
"/home/tb/repos/magisim/README.md", "Markdown", 0, 38, 0, 0, 0, 0, 0, 0, 0, 0, 0, 0, 30, 68
"/home/tb/repos/magisim/activate-env.sh", "Shell Script", 0, 0, 0, 0, 0, 0, 12, 0, 0, 0, 0, 3, 6, 21
"/home/tb/repos/magisim/devel-env.yml", "YAML", 221, 0, 0, 0, 0, 0, 0, 0, 0, 0, 0, 0, 1, 222
"/home/tb/repos/magisim/docbak/README.md", "Markdown", 0, 33, 0, 0, 0, 0, 0, 0, 0, 0, 0, 0, 28, 61
"/home/tb/repos/magisim/docbak/resources/banner1.svg", "XML", 0, 0, 0, 104585, 0, 0, 0, 0, 0, 0, 0, 1, 2, 104588
"/home/tb/repos/magisim/docbak/resources/epsilon.svg", "XML", 0, 0, 0, 64210, 0, 0, 0, 0, 0, 0, 0, 1, 2, 64213
"/home/tb/repos/magisim/docbak/resources/logo-docs-dark.svg", "XML", 0, 0, 0, 12210, 0, 0, 0, 0, 0, 0, 0, 1, 2, 12213
"/home/tb/repos/magisim/docbak/resources/logo-docs-light.svg", "XML", 0, 0, 0, 12210, 0, 0, 0, 0, 0, 0, 0, 1, 2, 12213
"/home/tb/repos/magisim/docbak/resources/logo-normal-dark-devteam.svg", "XML", 0, 0, 0, 70, 0, 0, 0, 0, 0, 0, 0, 1, 2, 73
"/home/tb/repos/magisim/docbak/resources/logo-normal-dark.svg", "XML", 0, 0, 0, 55, 0, 0, 0, 0, 0, 0, 0, 1, 2, 58
"/home/tb/repos/magisim/docbak/resources/logo-normal-light.svg", "XML", 0, 0, 0, 55, 0, 0, 0, 0, 0, 0, 0, 1, 2, 58
"/home/tb/repos/magisim/docbak/resources/magisim_logo256.svg", "XML", 0, 0, 0, 111, 0, 0, 0, 0, 0, 0, 0, 1, 2, 114
"/home/tb/repos/magisim/docs/README.md", "Markdown", 0, 38, 0, 0, 0, 0, 0, 0, 0, 0, 0, 0, 30, 68
"/home/tb/repos/magisim/docs/_config.yml", "YAML", 12, 0, 0, 0, 0, 0, 0, 0, 0, 0, 0, 0, 4, 16
"/home/tb/repos/magisim/docs/resources/2.svg", "XML", 0, 0, 0, 113, 0, 0, 0, 0, 0, 0, 0, 1, 2, 116
"/home/tb/repos/magisim/docs/resources/banner1.svg", "XML", 0, 0, 0, 104585, 0, 0, 0, 0, 0, 0, 0, 1, 2, 104588
"/home/tb/repos/magisim/docs/resources/banner2.svg", "XML", 0, 0, 0, 103, 0, 0, 0, 0, 0, 0, 0, 1, 2, 106
"/home/tb/repos/magisim/docs/resources/epsilon.svg", "XML", 0, 0, 0, 64210, 0, 0, 0, 0, 0, 0, 0, 1, 2, 64213
"/home/tb/repos/magisim/docs/resources/loadscreen.svg", "XML", 0, 0, 0, 48973, 0, 0, 0, 0, 0, 0, 0, 1, 2, 48976
"/home/tb/repos/magisim/docs/resources/loadscreenlite.svg", "XML", 0, 0, 0, 18405, 0, 0, 0, 0, 0, 0, 0, 1, 2, 18408
"/home/tb/repos/magisim/docs/resources/logo-docs-dark.svg", "XML", 0, 0, 0, 12210, 0, 0, 0, 0, 0, 0, 0, 1, 2, 12213
"/home/tb/repos/magisim/docs/resources/logo-docs-light.svg", "XML", 0, 0, 0, 12210, 0, 0, 0, 0, 0, 0, 0, 1, 2, 12213
"/home/tb/repos/magisim/docs/resources/logo-normal-dark-devteam.svg", "XML", 0, 0, 0, 70, 0, 0, 0, 0, 0, 0, 0, 1, 2, 73
"/home/tb/repos/magisim/docs/resources/logo-normal-dark.svg", "XML", 0, 0, 0, 55, 0, 0, 0, 0, 0, 0, 0, 1, 2, 58
"/home/tb/repos/magisim/docs/resources/logo-normal-light.svg", "XML", 0, 0, 0, 55, 0, 0, 0, 0, 0, 0, 0, 1, 2, 58
"/home/tb/repos/magisim/docs/resources/magisim_logo256.svg", "XML", 0, 0, 0, 111, 0, 0, 0, 0, 0, 0, 0, 1, 2, 114
"/home/tb/repos/magisim/environment.yml", "YAML", 16, 0, 0, 0, 0, 0, 0, 0, 0, 0, 0, 0, 1, 17
"/home/tb/repos/magisim/magisim-esdk/README.md", "Markdown", 0, 2, 0, 0, 0, 0, 0, 0, 0, 0, 0, 0, 1, 3
"/home/tb/repos/magisim/magisim-esdk/docs/CONTRIBUTING.md", "Markdown", 0, 69, 0, 0, 0, 0, 0, 0, 0, 0, 0, 0, 23, 92
"/home/tb/repos/magisim/magisim-esdk/docs/INSTALL.md", "Markdown", 0, 0, 0, 0, 0, 0, 0, 0, 0, 0, 0, 0, 1, 1
"/home/tb/repos/magisim/magisim-esdk/docs/README.md", "Markdown", 0, 3, 0, 0, 0, 0, 0, 0, 0, 0, 0, 0, 2, 5
"/home/tb/repos/magisim/magisim-esdk/resources/magisim_logo256.svg", "XML", 0, 0, 0, 111, 0, 0, 0, 0, 0, 0, 0, 1, 2, 114
"/home/tb/repos/magisim/magisim-esdk/src/tension.py", "Python", 0, 0, 0, 0, 7, 0, 0, 0, 0, 0, 0, 0, 3, 10
"/home/tb/repos/magisim/notebooks/obsidian/MAGISIM-NOTES/.obsidian/app.json", "JSON", 0, 0, 1, 0, 0, 0, 0, 0, 0, 0, 0, 0, 0, 1
"/home/tb/repos/magisim/notebooks/obsidian/MAGISIM-NOTES/.obsidian/appearance.json", "JSON", 0, 0, 3, 0, 0, 0, 0, 0, 0, 0, 0, 0, 0, 3
"/home/tb/repos/magisim/notebooks/obsidian/MAGISIM-NOTES/.obsidian/core-plugins-migration.json", "JSON", 0, 0, 30, 0, 0, 0, 0, 0, 0, 0, 0, 0, 0, 30
"/home/tb/repos/magisim/notebooks/obsidian/MAGISIM-NOTES/.obsidian/core-plugins.json", "JSON", 0, 0, 21, 0, 0, 0, 0, 0, 0, 0, 0, 0, 0, 21
"/home/tb/repos/magisim/notebooks/obsidian/MAGISIM-NOTES/.obsidian/hotkeys.json", "JSON", 0, 0, 1, 0, 0, 0, 0, 0, 0, 0, 0, 0, 0, 1
"/home/tb/repos/magisim/notebooks/obsidian/MAGISIM-NOTES/.obsidian/workspace.json", "JSON", 0, 0, 234, 0, 0, 0, 0, 0, 0, 0, 0, 0, 0, 234
"/home/tb/repos/magisim/notebooks/obsidian/MAGISIM-NOTES/Extension SDK/Extension SDK notes.md", "Markdown", 0, 32, 0, 0, 0, 0, 0, 0, 0, 0, 0, 0, 13, 45
"/home/tb/repos/magisim/notebooks/obsidian/MAGISIM-NOTES/GitHub Inspiration/links.md", "Markdown", 0, 1, 0, 0, 0, 0, 0, 0, 0, 0, 0, 0, 0, 1
"/home/tb/repos/magisim/notebooks/obsidian/MAGISIM-NOTES/Marketing and Pitching/Marketplace.md", "Markdown", 0, 1, 0, 0, 0, 0, 0, 0, 0, 0, 0, 0, 1, 2
"/home/tb/repos/magisim/notebooks/obsidian/MAGISIM-NOTES/Marketing and Pitching/Pitching.md", "Markdown", 0, 18, 0, 0, 0, 0, 0, 0, 0, 0, 0, 0, 5, 23
"/home/tb/repos/magisim/notebooks/obsidian/MAGISIM-NOTES/Research And Development/Videos and Courses.md", "Markdown", 0, 0, 0, 0, 0, 0, 0, 0, 0, 0, 0, 0, 1, 1
"/home/tb/repos/magisim/notebooks/obsidian/MAGISIM-NOTES/Research And Development/Whitepapers.md", "Markdown", 0, 8, 0, 0, 0, 0, 0, 0, 0, 0, 0, 0, 9, 17
"/home/tb/repos/magisim/notebooks/obsidian/MAGISIM-NOTES/ui dev notes.md", "Markdown", 0, 2, 0, 0, 0, 0, 0, 0, 0, 0, 0, 0, 5, 7
"/home/tb/repos/magisim/notebooks/obsidian/MAGISIM-NOTES/worknotes/notes.md", "Markdown", 0, 29, 0, 0, 0, 0, 0, 0, 0, 0, 0, 0, 14, 43
"/home/tb/repos/magisim/notebooks/pages/test.html", "HTML", 0, 0, 0, 0, 0, 0, 0, 0, 0, 0, 0, 0, 1, 1
"/home/tb/repos/magisim/notebooks/resources/visualisation-cpucube.py", "Python", 0, 0, 0, 0, 29, 0, 0, 0, 0, 0, 0, 14, 15, 58
"/home/tb/repos/magisim/notebooks/resources/visualisation-cudacube.py", "Python", 0, 0, 0, 0, 20, 0, 0, 0, 0, 0, 0, 13, 13, 46
"/home/tb/repos/magisim/notebooks/tex/open_source_magnetic_field_suite_magisim.run.xml", "XML", 0, 0, 0, 82, 0, 0, 0, 0, 0, 0, 0, 3, 1, 86
"/home/tb/repos/magisim/notebooks/tex/open_source_magnetic_field_suite_magisim.tex", "LaTeX", 0, 0, 0, 0, 0, 0, 0, 121, 0, 0, 0, 7, 59, 187
"/home/tb/repos/magisim/notebooks/tex/template_Report.tex", "LaTeX", 0, 0, 0, 0, 0, 0, 0, 8, 0, 0, 0, 1, 7, 16
"/home/tb/repos/magisim/resources/2.svg", "XML", 0, 0, 0, 113, 0, 0, 0, 0, 0, 0, 0, 1, 2, 116
"/home/tb/repos/magisim/resources/Magisim.csv", "CSV", 0, 0, 0, 0, 0, 0, 0, 0, 0, 16, 0, 0, 3, 19
"/home/tb/repos/magisim/resources/banner1.svg", "XML", 0, 0, 0, 104585, 0, 0, 0, 0, 0, 0, 0, 1, 2, 104588
"/home/tb/repos/magisim/resources/banner2.svg", "XML", 0, 0, 0, 103, 0, 0, 0, 0, 0, 0, 0, 1, 2, 106
"/home/tb/repos/magisim/resources/epsilon.svg", "XML", 0, 0, 0, 64210, 0, 0, 0, 0, 0, 0, 0, 1, 2, 64213
"/home/tb/repos/magisim/resources/loadscreen.svg", "XML", 0, 0, 0, 48973, 0, 0, 0, 0, 0, 0, 0, 1, 2, 48976
"/home/tb/repos/magisim/resources/loadscreenlite.svg", "XML", 0, 0, 0, 18405, 0, 0, 0, 0, 0, 0, 0, 1, 2, 18408
"/home/tb/repos/magisim/resources/logo-docs-dark.svg", "XML", 0, 0, 0, 12210, 0, 0, 0, 0, 0, 0, 0, 1, 2, 12213
"/home/tb/repos/magisim/resources/logo-docs-light.svg", "XML", 0, 0, 0, 12210, 0, 0, 0, 0, 0, 0, 0, 1, 2, 12213
"/home/tb/repos/magisim/resources/logo-normal-dark-devteam.svg", "XML", 0, 0, 0, 70, 0, 0, 0, 0, 0, 0, 0, 1, 2, 73
"/home/tb/repos/magisim/resources/logo-normal-dark.svg", "XML", 0, 0, 0, 55, 0, 0, 0, 0, 0, 0, 0, 1, 2, 58
"/home/tb/repos/magisim/resources/logo-normal-light.svg", "XML", 0, 0, 0, 55, 0, 0, 0, 0, 0, 0, 0, 1, 2, 58
"/home/tb/repos/magisim/resources/magisim_logo256.svg", "XML", 0, 0, 0, 111, 0, 0, 0, 0, 0, 0, 0, 1, 2, 114
"/home/tb/repos/magisim/resources/old-env-nouse.yml", "YAML", 11, 0, 0, 0, 0, 0, 0, 0, 0, 0, 0, 0, 1, 12
"/home/tb/repos/magisim/src/resources/cuda-mandelbrot.py", "Python", 0, 0, 0, 0, 0, 0, 0, 0, 0, 0, 0, 0, 1, 1
"/home/tb/repos/magisim/src/tests/02-absorbing-object.ipynb", "JSON", 0, 0, 165, 0, 0, 0, 0, 0, 0, 0, 0, 0, 1, 166
"/home/tb/repos/magisim/src/tests/05-lenses-and-analysing-lensing-actions.ipynb", "JSON", 0, 0, 353, 0, 0, 0, 0, 0, 0, 0, 0, 0, 1, 354
"/home/tb/repos/magisim/src/tests/06-GRIN-medium-and-analysing-refraction.ipynb", "JSON", 0, 0, 393, 0, 0, 0, 0, 0, 0, 0, 0, 0, 1, 394
"/home/tb/repos/magisim/src/tests/cuda-processing/simulation/old/fd1d-cuda-acc.py", "Python", 0, 0, 0, 0, 66, 0, 0, 0, 0, 0, 0, 29, 21, 116
"/home/tb/repos/magisim/src/tests/cuda-processing/simulation/old/fd2d.py", "Python", 0, 0, 0, 0, 142, 0, 0, 0, 0, 0, 0, 26, 41, 209
"/home/tb/repos/magisim/src/tests/cuda-processing/simulation/old/fdmaterial.py", "Python", 0, 0, 0, 0, 68, 0, 0, 0, 0, 0, 0, 13, 16, 97
"/home/tb/repos/magisim/src/tests/cuda-processing/simulation/old/fdmaterialv2.py", "Python", 0, 0, 0, 0, 50, 0, 0, 0, 0, 0, 0, 16, 19, 85
"/home/tb/repos/magisim/src/tests/cuda-processing/simulation/old/fdmaterialv3.py", "Python", 0, 0, 0, 0, 50, 0, 0, 0, 0, 0, 0, 16, 16, 82
"/home/tb/repos/magisim/src/tests/cuda-processing/simulation/old/fdmaterialv4.py", "Python", 0, 0, 0, 0, 51, 0, 0, 0, 0, 0, 0, 17, 18, 86
"/home/tb/repos/magisim/src/tests/cuda-processing/simulation/old/fdmaterialv5.py", "Python", 0, 0, 0, 0, 74, 0, 0, 0, 0, 0, 0, 23, 24, 121
"/home/tb/repos/magisim/src/tests/cuda-processing/simulation/old/fdmaterialv6.py", "Python", 0, 0, 0, 0, 91, 0, 0, 0, 0, 0, 0, 18, 21, 130
"/home/tb/repos/magisim/src/tests/cuda-processing/simulation/old/fdmaterialv7.py", "Python", 0, 0, 0, 0, 91, 0, 0, 0, 0, 0, 0, 18, 22, 131
"/home/tb/repos/magisim/src/tests/cuda-processing/simulation/old/fdmaterialv8.py", "Python", 0, 0, 0, 0, 117, 0, 0, 0, 0, 0, 0, 22, 28, 167
"/home/tb/repos/magisim/src/tests/cuda-processing/simulation/old/fdmaterialv9.py", "Python", 0, 0, 0, 0, 91, 0, 0, 0, 0, 0, 0, 21, 22, 134
"/home/tb/repos/magisim/src/tests/cuda-tests.py", "Python", 0, 0, 0, 0, 94, 0, 0, 0, 0, 0, 0, 11, 18, 123
"/home/tb/repos/magisim/src/tests/extension_880843c55c42/02-absorbing-object.ipynb", "JSON", 0, 0, 154, 0, 0, 0, 0, 0, 0, 0, 0, 0, 1, 155
"/home/tb/repos/magisim/src/tests/extension_880843c55c42/absorb.py", "Python", 0, 0, 0, 0, 21, 0, 0, 0, 0, 0, 0, 8, 10, 39
"/home/tb/repos/magisim/src/tests/extension_880843c55c42/d8b29835-ad56-4d0c-90b6-880843c55c42-eload.py", "Python", 0, 0, 0, 0, 31, 0, 0, 0, 0, 0, 0, 4, 10, 45
"/home/tb/repos/magisim/src/tests/extension_880843c55c42/d8b29835-ad56-4d0c-90b6-880843c55c42-settings.py", "Python", 0, 0, 0, 0, 2, 0, 0, 0, 0, 0, 0, 0, 0, 2
"/home/tb/repos/magisim/src/tests/extension_880843c55c42/epsilon.py", "Python", 0, 0, 0, 0, 52, 0, 0, 0, 0, 0, 0, 23, 16, 91
"/home/tb/repos/magisim/src/tests/fd2d-test.py", "Python", 0, 0, 0, 0, 51, 0, 0, 0, 0, 0, 0, 10, 17, 78
"/home/tb/repos/magisim/src/tests/fd2d.py", "Python", 0, 0, 0, 0, 72, 0, 0, 0, 0, 0, 0, 10, 20, 102
"/home/tb/repos/magisim/src/tests/fd2d2.py", "Python", 0, 0, 0, 0, 71, 0, 0, 0, 0, 0, 0, 9, 20, 100
"/home/tb/repos/magisim/src/tests/fd3d-raw-noedit.py", "Python", 0, 0, 0, 0, 374, 0, 0, 0, 0, 0, 0, 88, 49, 511
"/home/tb/repos/magisim/src/tests/fd3d-real-plot-raw-noedit.py", "Python", 0, 0, 0, 0, 340, 0, 0, 0, 0, 0, 0, 36, 47, 423
"/home/tb/repos/magisim/src/tests/fdtd-tests-optimized.py", "Python", 0, 0, 0, 0, 49, 0, 0, 0, 0, 0, 0, 9, 18, 76
"/home/tb/repos/magisim/src/tests/fdtd-tests-refactored.py", "Python", 0, 0, 0, 0, 52, 0, 0, 0, 0, 0, 0, 16, 17, 85
"/home/tb/repos/magisim/src/tests/fdtd-tests.py", "Python", 0, 0, 0, 0, 62, 0, 0, 0, 0, 0, 0, 19, 24, 105
"/home/tb/repos/magisim/src/tests/gradio-extension-loading/demo.py", "Python", 0, 0, 0, 0, 64, 0, 0, 0, 0, 0, 0, 18, 22, 104
"/home/tb/repos/magisim/src/tests/gradio-extension-loading/example_extensions/my_extension.py", "Python", 0, 0, 0, 0, 24, 0, 0, 0, 0, 0, 0, 3, 9, 36
"/home/tb/repos/magisim/src/tests/gradio-extension-loading/extensionmagic/0a119a6d-7f36-4c6c-929b-50812d1e265b-eload.py", "Python", 0, 0, 0, 0, 10, 0, 0, 0, 0, 0, 0, 0, 3, 13
"/home/tb/repos/magisim/src/tests/gradio-extension-loading/extensions/extensionmagic/0a119a6d-7f36-4c6c-929b-50812d1e265b-eload.py", "Python", 0, 0, 0, 0, 10, 0, 0, 0, 0, 0, 0, 0, 3, 13
"/home/tb/repos/magisim/src/tests/gradio-extension-loading/extent.py", "Python", 0, 0, 0, 0, 50, 0, 0, 0, 0, 0, 0, 10, 15, 75
"/home/tb/repos/magisim/src/tests/gradio-extension-loading/iface.py", "Python", 0, 0, 0, 0, 21, 0, 0, 0, 0, 0, 0, 43, 7, 71
"/home/tb/repos/magisim/src/tests/gradio-extension-loading/iface2.py", "Python", 0, 0, 0, 0, 12, 0, 0, 0, 0, 0, 0, 0, 3, 15
"/home/tb/repos/magisim/src/tests/gradio-extension-loading/loaded-exts/my-module.py", "Python", 0, 0, 0, 0, 12, 0, 0, 0, 0, 0, 0, 4, 4, 20
"/home/tb/repos/magisim/src/tests/gradio-extension-loading/loaded-exts/my2-module.py", "Python", 0, 0, 0, 0, 12, 0, 0, 0, 0, 0, 0, 4, 4, 20
"/home/tb/repos/magisim/src/tests/gradio-extension-loading/loader-test.py", "Python", 0, 0, 0, 0, 27, 0, 0, 0, 0, 0, 0, 8, 10, 45
"/home/tb/repos/magisim/src/tests/gradio-extension-loading/lt2.py", "Python", 0, 0, 0, 0, 17, 0, 0, 0, 0, 0, 0, 2, 9, 28
"/home/tb/repos/magisim/src/tests/gradio-extension-loading/magisim_config.py", "Python", 0, 0, 0, 0, 11, 0, 0, 0, 0, 0, 0, 0, 5, 16
"/home/tb/repos/magisim/src/tests/gradio-extension-loading/testzip.py", "Python", 0, 0, 0, 0, 18, 0, 0, 0, 0, 0, 0, 0, 10, 28
"/home/tb/repos/magisim/src/tests/gradio-gui-components-test.py", "Python", 0, 0, 0, 0, 48, 0, 0, 0, 0, 0, 0, 9, 14, 71
"/home/tb/repos/magisim/src/tests/gradio-tests.py", "Python", 0, 0, 0, 0, 82, 0, 0, 0, 0, 0, 0, 3, 15, 100
"/home/tb/repos/magisim/src/tests/gradio-theming.py", "Python", 0, 0, 0, 0, 2, 0, 0, 0, 0, 0, 0, 0, 1, 3
"/home/tb/repos/magisim/src/tests/guitest/nodes/index.html", "HTML", 0, 0, 0, 0, 0, 22, 0, 0, 0, 0, 0, 0, 5, 27
"/home/tb/repos/magisim/src/tests/guitest/nodes/litegraph.css", "CSS", 0, 0, 0, 0, 0, 0, 0, 0, 573, 0, 0, 12, 96, 681
"/home/tb/repos/magisim/src/tests/guitest/nodes/litegraph.js", "JavaScript", 0, 0, 0, 0, 0, 0, 0, 0, 0, 0, 22778, 2521, 3596, 28895
"/home/tb/repos/magisim/src/tests/nodemgr2/builtin_nodemgr_eload.py", "Python", 0, 0, 0, 0, 20, 0, 0, 0, 0, 0, 0, 4, 4, 28
"/home/tb/repos/magisim/src/tests/nodemgr2/nodemgr.py", "Python", 0, 0, 0, 0, 13, 0, 0, 0, 0, 0, 0, 38, 8, 59
"/home/tb/repos/magisim/src/tests/plotly_live_update_test.py", "Python", 0, 0, 0, 0, 21, 0, 0, 0, 0, 0, 0, 9, 12, 42
"/home/tb/repos/magisim/src/tests/plotly_magisim_test.py", "Python", 0, 0, 0, 0, 54, 0, 0, 0, 0, 0, 0, 18, 23, 95
"/home/tb/repos/magisim/src/tests/qt/magisim-core-qt-gui-test-1/widget.py", "Python", 0, 0, 0, 0, 22, 0, 0, 0, 0, 0, 0, 1, 7, 30
"/home/tb/repos/magisim/src/tests/run.py", "Python", 0, 0, 0, 0, 33, 0, 0, 0, 0, 0, 0, 7, 8, 48
"/home/tb/repos/magisim/src/tests/sockets_test/client.py", "Python", 0, 0, 0, 0, 7, 0, 0, 0, 0, 0, 0, 1, 2, 10
"/home/tb/repos/magisim/src/tests/sockets_test/client2.py", "Python", 0, 0, 0, 0, 11, 0, 0, 0, 0, 0, 0, 1, 2, 14
"/home/tb/repos/magisim/src/tests/sockets_test/for_tibi/json.json", "JSON", 0, 0, 23, 0, 0, 0, 0, 0, 0, 0, 0, 0, 0, 23
"/home/tb/repos/magisim/src/tests/sockets_test/for_tibi/json.yml", "YAML", 13, 0, 0, 0, 0, 0, 0, 0, 0, 0, 0, 1, 3, 17
"/home/tb/repos/magisim/src/tests/sockets_test/interface.py", "Python", 0, 0, 0, 0, 55, 0, 0, 0, 0, 0, 0, 0, 12, 67
"/home/tb/repos/magisim/src/tests/sockets_test/server.py", "Python", 0, 0, 0, 0, 54, 0, 0, 0, 0, 0, 0, 2, 14, 70
"/home/tb/repos/magisim/src/tests/sockets_test/socketClass.py", "Python", 0, 0, 0, 0, 42, 0, 0, 0, 0, 0, 0, 5, 8, 55
"/home/tb/repos/magisim/src/ui/extensionmgr/builtin_extensionmgr_eload.py", "Python", 0, 0, 0, 0, 27, 0, 0, 0, 0, 0, 0, 5, 5, 37
"/home/tb/repos/magisim/src/ui/extensionmgr/extensionmgr.py", "Python", 0, 0, 0, 0, 95, 0, 0, 0, 0, 0, 0, 63, 14, 172
"/home/tb/repos/magisim/src/ui/extensions/extension_50812d1e265b/0a119a6d-7f36-4c6c-929b-50812d1e265b-eload.py", "Python", 0, 0, 0, 0, 35, 0, 0, 0, 0, 0, 0, 4, 8, 47
"/home/tb/repos/magisim/src/ui/extensions/extension_50812d1e265b/extensionmagic.py", "Python", 0, 0, 0, 0, 21, 0, 0, 0, 0, 0, 0, 2, 8, 31
"/home/tb/repos/magisim/src/ui/extensions/extension_50812d1e265b/extensionmagic_node.py", "Python", 0, 0, 0, 0, 7, 0, 0, 0, 0, 0, 0, 26, 0, 33
"/home/tb/repos/magisim/src/ui/extensions/extension_61c6599e8f96/790bcb64-fc36-4cf1-97ba-61c6599e8f96-eload.py", "Python", 0, 0, 0, 0, 20, 0, 0, 0, 0, 0, 0, 5, 5, 30
"/home/tb/repos/magisim/src/ui/extensions/extension_61c6599e8f96/visualizer.py", "Python", 0, 0, 0, 0, 17, 0, 0, 0, 0, 0, 0, 2, 10, 29
"/home/tb/repos/magisim/src/ui/extensions/extension_caed19de0a8b/20e4e311-43e1-4c3f-af70-caed19de0a8b-eload.py", "Python", 0, 0, 0, 0, 175, 0, 0, 0, 0, 0, 0, 22, 19, 216
"/home/tb/repos/magisim/src/ui/extensions/extension_caed19de0a8b/20e4e311-43e1-4c3f-af70-caed19de0a8b-settings.py", "Python", 0, 0, 0, 0, 14, 0, 0, 0, 0, 0, 0, 3, 7, 24
"/home/tb/repos/magisim/src/ui/extensions/extension_caed19de0a8b/freq.py", "Python", 0, 0, 0, 0, 18, 0, 0, 0, 0, 0, 0, 51, 10, 79
"/home/tb/repos/magisim/src/ui/extensions/extension_caed19de0a8b/openmsems.py", "Python", 0, 0, 0, 0, 167, 0, 0, 0, 0, 0, 0, 50, 40, 257
"/home/tb/repos/magisim/src/ui/extensions/extension_caed19de0a8b/requirements.yml", "YAML", 14, 0, 0, 0, 0, 0, 0, 0, 0, 0, 0, 0, 5, 19
"/home/tb/repos/magisim/src/ui/extensions/extension_d22ce158cb48/analyzer.py", "Python", 0, 0, 0, 0, 2, 0, 0, 0, 0, 0, 0, 0, 2, 4
"/home/tb/repos/magisim/src/ui/extensions/extension_d22ce158cb48/fc03a668-f73e-4f92-9df8-d22ce158cb48-eload.py", "Python", 0, 0, 0, 0, 28, 0, 0, 0, 0, 0, 0, 7, 10, 45
"/home/tb/repos/magisim/src/ui/extensions/extension_d22ce158cb48/fc03a668-f73e-4f92-9df8-d22ce158cb48-settings.py", "Python", 0, 0, 0, 0, 14, 0, 0, 0, 0, 0, 0, 3, 7, 24
"/home/tb/repos/magisim/src/ui/greeter/builtin_greeter_eload.py", "Python", 0, 0, 0, 0, 22, 0, 0, 0, 0, 0, 0, 3, 4, 29
"/home/tb/repos/magisim/src/ui/greeter/external/docs.py", "Python", 0, 0, 0, 0, 21, 0, 0, 0, 0, 0, 0, 4, 4, 29
"/home/tb/repos/magisim/src/ui/greeter/greeter.py", "Python", 0, 0, 0, 0, 47, 0, 0, 0, 0, 0, 0, 16, 10, 73
"/home/tb/repos/magisim/src/ui/nodemgr/builtin_nodemgr_eload.py", "Python", 0, 0, 0, 0, 25, 0, 0, 0, 0, 0, 0, 5, 6, 36
"/home/tb/repos/magisim/src/ui/nodemgr/nodemgr.py", "Python", 0, 0, 0, 0, 41, 0, 0, 0, 0, 0, 0, 55, 23, 119
"/home/tb/repos/magisim/src/ui/nodemgr/nodes.js", "JavaScript", 0, 0, 0, 0, 0, 0, 0, 0, 0, 0, 0, 0, 1, 1
"/home/tb/repos/magisim/src/ui/nodemgr/static/css/litegraph.css", "CSS", 0, 0, 0, 0, 0, 0, 0, 0, 573, 0, 0, 12, 96, 681
"/home/tb/repos/magisim/src/ui/nodemgr/static/js/example-req.json", "JSON", 0, 0, 179, 0, 0, 0, 0, 0, 0, 0, 0, 0, 0, 179
"/home/tb/repos/magisim/src/ui/nodemgr/static/js/litegraph.js", "JavaScript", 0, 0, 0, 0, 0, 0, 0, 0, 0, 0, 22789, 2529, 3599, 28917
"/home/tb/repos/magisim/src/ui/settingsmgr/builtin_settingsmg_eload.py", "Python", 0, 0, 0, 0, 19, 0, 0, 0, 0, 0, 0, 3, 4, 26
"/home/tb/repos/magisim/src/ui/settingsmgr/settingsmgr.py", "Python", 0, 0, 0, 0, 17, 0, 0, 0, 0, 0, 0, 2, 4, 23
"/home/tb/repos/magisim/src/ui/shapeloader/builtin_shapeloader_eload.py", "Python", 0, 0, 0, 0, 35, 0, 0, 0, 0, 0, 0, 5, 8, 48
"/home/tb/repos/magisim/src/ui/shapeloader/builtin_shapeloader_settings.py", "Python", 0, 0, 0, 0, 2, 0, 0, 0, 0, 0, 0, 0, 0, 2
"/home/tb/repos/magisim/src/ui/shapeloader/nodes.js", "JavaScript", 0, 0, 0, 0, 0, 0, 0, 0, 0, 0, 19, 9, 3, 31
"/home/tb/repos/magisim/src/ui/shapeloader/shapeloader-none.py", "Python", 0, 0, 0, 0, 11, 0, 0, 0, 0, 0, 0, 5, 9, 25
"/home/tb/repos/magisim/src/ui/shapeloader/shapeloader.py", "Python", 0, 0, 0, 0, 55, 0, 0, 0, 0, 0, 0, 14, 20, 89
"/home/tb/repos/magisim/src/ui/shapeloader/test.py", "Python", 0, 0, 0, 0, 29, 0, 0, 0, 0, 0, 0, 3, 6, 38
"/home/tb/repos/magisim/src/ui/shared/builtin.py", "Python", 0, 0, 0, 0, 19, 0, 0, 0, 0, 0, 0, 1, 5, 25
"/home/tb/repos/magisim/src/ui/shared/config.py", "Python", 0, 0, 0, 0, 46, 0, 0, 0, 0, 0, 0, 1, 9, 56
"/home/tb/repos/magisim/src/ui/shared/crashhandler.py", "Python", 0, 0, 0, 0, 0, 0, 0, 0, 0, 0, 0, 0, 1, 1
"/home/tb/repos/magisim/src/ui/shared/exreq.json", "JSON", 0, 0, 39, 0, 0, 0, 0, 0, 0, 0, 0, 0, 0, 39
"/home/tb/repos/magisim/src/ui/shared/globalcss.css", "CSS", 0, 0, 0, 0, 0, 0, 0, 0, 8, 0, 0, 0, 1, 9
"/home/tb/repos/magisim/src/ui/shared/item.py", "Python", 0, 0, 0, 0, 10, 0, 0, 0, 0, 0, 0, 0, 2, 12
"/home/tb/repos/magisim/src/ui/shared/logger.py", "Python", 0, 0, 0, 0, 13, 0, 0, 0, 0, 0, 0, 5, 5, 23
"/home/tb/repos/magisim/src/ui/shared/project.py", "Python", 0, 0, 0, 0, 6, 0, 0, 0, 0, 0, 0, 12, 3, 21
"/home/tb/repos/magisim/src/ui/shared/projectmanager.py", "Python", 0, 0, 0, 0, 21, 0, 0, 0, 0, 0, 0, 0, 7, 28
"/home/tb/repos/magisim/src/ui/shared/router.py", "Python", 0, 0, 0, 0, 80, 0, 0, 0, 0, 0, 0, 36, 21, 137
"/home/tb/repos/magisim/src/ui/shared/settings/builtins_extensionmgr_settings.py", "Python", 0, 0, 0, 0, 0, 0, 0, 0, 0, 0, 0, 0, 1, 1
"/home/tb/repos/magisim/src/ui/shared/settings/builtins_settingsmgr_settings.py", "Python", 0, 0, 0, 0, 0, 0, 0, 0, 0, 0, 0, 0, 1, 1
"/home/tb/repos/magisim/src/ui/shared/settings/runtime.py", "Python", 0, 0, 0, 0, 2, 0, 0, 0, 0, 0, 0, 0, 0, 2
"/home/tb/repos/magisim/src/ui/shared/testreq.json", "JSON", 0, 0, 33, 0, 0, 0, 0, 0, 0, 0, 0, 0, 0, 33
"/home/tb/repos/magisim/src/ui/start.sh", "Shell Script", 0, 0, 0, 0, 0, 0, 3, 0, 0, 0, 0, 3, 2, 8
"/home/tb/repos/magisim/src/ui/themebuilder.py", "Python", 0, 0, 0, 0, 15, 0, 0, 0, 0, 0, 0, 0, 4, 19
"/home/tb/repos/magisim/src/ui/ui.py", "Python", 0, 0, 0, 0, 70, 0, 0, 0, 0, 0, 0, 139, 31, 240
"/home/tb/repos/magisim/src/ui/ui_load.py", "Python", 0, 0, 0, 0, 69, 0, 0, 0, 0, 0, 0, 28, 24, 121
"Total", "-", 341, 274, 1629, 715899, 4285, 22, 15, 129, 1154, 16, 45586, 6393, 8865, 784608